distance_km,payload_weight_tons,port_dwell_time_hrs,delay_hours
4557.03,10.07,20.32,29.77
11413.5,27.55,19.29,47.59
8810.73,43.77,65.44,71.41
7224.04,36.88,19.47,32.68
1956.62,40.52,21.04,28.73
1956.33,33.28,55.16,45.26
791.19,34.92,33.48,27.7
10407.5,42.61,56.37,68.16
7253.27,13.23,6.58,20.23
8526.06,24.98,36.13,49.47
344.96,11.84,4.35,3.66
11641.93,49.4,6.39,37.79
10006.07,47.26,65.45,68.31
2626.84,2.93,11.75,18.89
2263.72,35.57,39.27,34.17
2282.51,46.34,30.78,37.22
3720.48,9.85,26.31,26.46
6344.6,28.83,64.99,55.56
5240.15,45.86,3.53,20.25
3565.63,2.66,48.47,43.6
7381.05,35.17,69.44,66.42
1759.98,15.57,41.21,31.32
3576.52,46.3,67.58,58.41
4459.71,48.58,5.66,24.84
5527.23,47.27,31.32,44.55
9443.59,24.24,20.21,45.22
2476.12,43.24,53.16,44.99
6219.39,42.38,70.69,61.84
7149.73,16.64,19.96,32.6
652.76,41.62,47.79,38.83
7329.78,2.81,15.87,26.88
2129.24,30.22,41.57,33.43
874.11,12.27,34.48,27.24
11391.74,6.91,70.04,72.89
11591.02,4.77,44.6,58.05
9719.93,35.12,26.47,44.67
3724.9,17.65,9.99,18.76
1262.3,36.51,12.59,14.91
8242.37,4.2,17.77,36.07
5337.81,16.45,19.57,32.16
1552.25,27.44,61.54,40.88
5992.61,39.75,41.29,44.43
509.22,16.62,38.64,23.96
10920.91,31.67,10.03,37.62
3179.48,44.41,62.21,53.19
7984.02,31.18,52.6,53.35
3809.36,12.42,6.74,14.16
6288.81,2.2,51.55,45.47
6605.85,43.63,40.05,49.21
2299.77,2.04,7.72,12.4
11638.06,43.86,34.08,55.46
9324.08,26.92,35.93,50.94
11280.04,47.01,13.6,43.27
10748.45,40.14,68.2,74.5
7215.01,49.9,61.5,68.94
11070.3,18.18,48.83,65.22
1153.06,38.59,34.36,26.89
2432.2,20.69,30.82,31.67
638.2,24.51,47.57,37.75
3971.43,31.75,40.18,36.85
4725.26,43.81,6.36,26.16
3329.05,49.22,37.88,44.54
9961.98,38.65,58.45,63.9
4345.36,21.47,34.15,33.32
3443.12,21.65,5.64,19.79
6558.08,37.14,57.04,58.5
1777.0,12.7,16.1,19.16
9646.14,6.41,20.1,39.66
987.15,18.38,13.53,16.01
11843.95,15.07,25.12,44.46
9289.71,15.52,54.97,63.18
2464.72,12.45,38.36,36.05
165.71,3.06,16.34,11.49
9803.99,1.88,63.45,64.23
8511.6,49.4,63.57,63.74
8775.19,21.96,62.94,66.04
9278.12,19.83,18.72,40.62
981.13,34.3,33.59,29.06
4365.74,11.69,70.95,60.11
1478.84,47.55,56.04,44.95
10370.93,39.53,3.9,37.39
7517.25,5.38,6.56,21.98
4037.69,21.46,34.48,35.43
856.34,44.08,65.65,49.12
3800.69,47.29,39.71,42.6
3969.68,23.9,36.85,36.01
8782.31,31.06,9.38,33.35
7686.93,9.18,47.97,53.36
10657.83,49.57,59.55,70.0
5719.36,12.35,28.63,30.01
1523.17,47.19,56.29,51.41
8587.61,32.83,69.51,73.75
9153.34,30.78,16.26,34.88
6779.2,26.12,38.63,47.62
9274.51,12.3,22.1,38.28
5976.17,9.65,57.5,53.18
6320.52,11.8,42.43,45.41
5187.74,10.14,46.42,43.14
402.49,39.2,57.85,40.75
1383.91,18.16,29.72,23.44
474.01,3.83,66.06,40.15
7673.28,48.49,39.31,49.05
3840.84,44.31,13.06,25.38
6151.99,46.46,50.71,52.13
10900.04,49.75,57.53,72.78
3066.58,9.52,24.17,29.56
4983.56,20.42,62.0,52.48
9091.06,38.15,65.43,69.93
2822.7,35.11,21.38,28.15
1016.06,8.54,70.85,49.25
3548.04,40.98,11.85,23.85
2018.53,12.0,16.14,20.26
11163.4,11.97,14.9,41.59
9716.63,27.31,64.58,64.92
7637.5,30.05,47.8,56.39
10470.38,29.42,12.65,42.34
9663.7,5.48,32.82,43.89
2320.18,44.0,45.07,41.06
10721.45,14.01,7.84,37.16
6518.17,7.35,63.77,56.53
9708.54,44.55,58.25,70.62
10763.49,47.83,37.36,65.09
3884.24,43.24,69.7,57.16
1409.62,40.67,31.24,25.73
2812.43,33.11,70.89,56.94
5182.58,27.99,48.75,50.07
9834.38,5.26,46.43,54.04
10342.69,21.01,13.62,43.04
182.73,19.26,63.73,39.07
6177.89,13.73,31.92,40.24
5067.19,36.45,13.36,25.83
2743.08,25.3,2.88,19.04
1526.4,4.97,41.18,36.75
4117.62,11.79,38.92,34.61
11320.63,34.48,52.35,64.74
3946.11,4.73,64.32,53.24
6273.61,42.71,7.56,26.96
8465.93,25.26,53.2,58.24
4427.19,24.55,15.12,25.4
11664.21,30.03,62.07,66.65
11553.12,41.41,59.33,72.15
3096.21,18.04,39.86,33.79
6017.26,34.22,51.72,51.23
3680.45,28.72,24.0,33.74
3489.6,14.08,34.98,29.56
538.95,44.05,59.51,47.6
7353.82,40.07,34.15,45.55
6081.88,33.26,27.05,37.08
712.6,42.68,36.59,34.01
3415.89,43.5,59.98,53.57
10908.36,35.71,25.46,51.12
2950.79,42.01,14.16,26.58
1824.25,35.18,51.84,41.45
5924.49,34.33,59.82,55.51
11829.24,31.31,9.04,37.94
2980.46,37.88,18.79,23.43
8098.41,8.77,11.94,39.07
9163.27,44.16,26.36,50.58
2927.89,43.72,33.52,31.44
8765.77,2.43,54.42,52.46
4476.62,41.47,47.58,48.91
7624.44,7.31,45.46,50.58
7639.0,17.42,26.67,40.86
6475.72,37.43,60.9,59.08
1174.45,8.88,34.99,26.39
10040.1,41.08,70.54,76.07
3917.28,41.77,46.39,45.65
2319.57,25.87,10.84,11.02
585.22,1.31,49.33,32.07
7131.63,15.06,24.76,33.89
8163.02,31.23,50.04,57.14
297.4,49.08,6.87,22.69
6193.91,31.96,14.24,31.43
2795.3,13.73,61.9,46.75
7777.56,32.07,17.9,39.26
2174.96,27.46,60.59,48.86
8322.16,39.21,21.55,42.38
4702.15,6.24,47.0,44.21
11247.09,38.29,50.59,71.89
1736.5,27.52,37.89,29.31
4158.69,48.19,23.37,34.57
1450.33,17.75,16.89,15.14
11103.85,32.0,4.32,38.32
10540.34,46.67,23.28,46.06
3169.51,6.02,47.72,37.71
7953.81,46.92,67.68,68.15
9824.94,34.71,62.98,71.99
6706.89,4.32,55.62,55.05
6402.84,15.75,57.19,50.45
2978.04,35.7,48.55,43.59
1207.92,4.3,20.22,15.17
10776.87,29.53,65.5,68.4
10814.97,17.95,48.95,59.95
7633.91,31.42,41.23,49.11
4134.45,3.24,9.77,25.46
4255.59,43.71,33.29,39.97
8738.87,48.7,34.23,47.05
10775.61,48.48,62.52,71.53
10656.33,37.73,40.27,61.02
9380.52,7.37,28.63,49.5
7740.18,38.15,70.38,64.04
1101.27,2.2,9.75,4.79
2023.38,2.08,31.58,31.43
10792.79,16.86,4.94,35.14
7316.51,24.94,53.79,53.2
209.44,38.75,66.27,49.2
1307.51,34.48,21.6,15.0
7995.67,22.85,62.08,62.18
160.23,14.41,22.46,18.52
2013.62,49.86,65.75,56.24
6629.93,21.88,54.78,51.18
8333.55,23.12,58.34,61.06
7858.34,9.02,3.26,21.68
2768.8,39.95,69.4,56.82
8574.93,34.99,52.87,57.22
2923.26,11.82,23.33,23.36
3972.26,5.04,60.06,45.23
8983.25,34.34,21.71,44.09
7830.63,33.07,63.09,66.47
10205.76,14.39,9.88,34.4
7925.59,47.59,51.26,59.32
6862.87,8.4,39.85,39.48
1214.73,22.18,8.76,12.22
4475.82,47.24,18.93,30.98
3255.91,21.57,2.87,22.46
3003.48,32.29,34.81,31.4
11678.83,20.48,23.09,52.02
4777.86,14.44,43.89,44.93
10715.35,49.21,22.81,50.2
7610.55,21.06,22.99,42.76
9558.25,44.81,54.02,65.65
6081.38,12.27,5.37,22.93
6965.16,11.44,65.2,59.59
5960.96,2.53,61.66,57.45
2423.39,32.93,48.75,45.04
8697.18,19.06,43.53,50.34
3441.19,43.35,64.46,51.32
389.36,24.19,14.97,14.48
7781.12,48.44,7.53,30.34
2207.62,10.09,18.77,19.6
11291.46,43.56,57.62,74.55
11451.75,39.05,4.43,37.27
10986.89,38.78,42.8,60.33
4504.89,42.39,71.68,62.3
283.93,38.29,61.9,47.64
11146.99,31.68,38.5,50.48
5195.39,7.43,6.45,17.66
11603.19,2.59,60.2,67.65
11567.08,46.12,43.93,67.29
10250.81,31.22,10.05,36.36
3603.94,40.03,8.57,16.03
4682.66,24.59,65.67,58.16
10228.53,6.75,48.84,55.48
3871.37,7.13,60.05,44.71
2116.96,34.59,63.53,48.23
6725.94,22.08,42.02,46.29
11240.24,10.83,38.22,52.34
8382.75,25.09,32.13,38.88
6883.73,4.15,24.19,36.53
1256.4,29.52,32.42,32.35
7418.59,14.18,56.17,57.83
11881.64,40.08,44.13,60.28
1767.0,16.21,64.48,46.43
6268.12,23.31,33.04,40.47
10540.74,1.57,44.5,56.58
8915.15,4.55,46.19,54.19
8394.49,20.23,43.42,49.37
8459.56,24.52,51.18,57.28
4377.94,30.4,18.62,29.55
3593.74,15.29,37.87,39.86
9731.4,35.05,9.3,38.78
9740.35,43.15,28.92,52.04
10418.16,39.21,36.14,55.36
10967.56,2.94,47.66,62.18
6184.97,24.54,68.54,63.0
6068.04,6.14,44.05,41.44
9599.71,12.86,54.05,64.07
7834.57,49.35,37.44,53.05
8453.41,7.98,46.39,50.33
9569.93,25.45,6.97,31.98
10691.06,31.29,19.81,45.7
4122.14,35.42,27.33,34.91
4569.44,28.42,35.07,38.82
1218.39,1.48,5.2,8.82
6981.53,17.0,11.8,33.68
527.71,26.37,21.38,22.82
5640.62,5.31,70.01,58.97
6557.47,18.18,25.19,38.56
3509.84,2.63,35.74,29.02
7130.92,4.85,15.73,30.68
462.95,20.45,44.75,38.01
544.44,7.5,21.65,16.32
9888.95,28.81,16.49,37.89
4386.27,34.78,38.16,38.62
1612.02,40.23,2.39,9.73
6314.69,10.81,2.54,18.08
9262.92,9.21,17.33,35.33
2668.27,6.12,4.57,7.61
7512.4,32.19,9.56,30.89
1115.63,35.62,25.72,27.77
715.01,2.55,58.18,35.86
6423.12,46.87,42.04,54.37
6533.56,3.55,37.89,42.63
7685.42,27.52,22.54,41.46
8740.49,35.74,67.22,67.07
11712.64,43.68,29.79,57.77
6243.97,35.99,8.1,24.09
3943.18,40.28,45.19,47.19
9562.72,17.63,9.97,34.55
3322.9,40.93,26.17,33.31
5323.76,4.93,37.52,34.53
1033.63,44.85,63.2,46.04
401.67,27.83,36.55,30.4
11555.52,41.05,51.16,64.4
10048.16,23.16,71.5,74.38
8382.09,32.54,11.2,29.96
4966.54,26.79,21.23,33.22
2162.2,36.85,29.62,26.51
1961.6,5.0,31.53,27.73
3077.89,3.96,30.77,30.13
6635.8,13.11,65.53,57.29
8603.69,8.82,51.98,57.27
7956.35,43.72,44.55,55.46
3431.21,11.74,23.66,24.42
11462.9,48.82,59.67,70.25
8880.97,17.51,68.85,61.75
6696.81,9.92,59.48,56.47
7379.48,39.7,2.11,22.47
5093.24,33.28,46.55,47.44
3048.0,25.41,5.58,15.49
4336.07,28.21,20.03,30.63
9118.37,36.24,6.17,32.53
271.28,12.19,44.27,29.58
1481.26,49.82,50.06,44.91
647.43,48.76,10.01,17.45
584.67,32.87,28.87,26.16
10279.98,10.78,33.94,50.59
8473.53,34.33,27.83,39.93
5742.67,4.54,10.47,25.09
1264.23,2.5,31.33,25.67
5950.23,13.63,54.58,48.12
5734.31,23.67,6.97,22.84
2161.1,43.55,7.61,17.88
5262.83,36.63,26.83,35.85
4842.21,37.39,67.92,60.97
7428.62,21.85,48.8,56.92
7657.61,17.95,49.51,56.29
639.12,19.18,27.33,18.44
4557.89,49.39,43.56,48.3
7547.73,2.97,2.71,26.43
6087.32,43.48,46.53,52.32
10292.23,29.36,65.93,74.46
7938.45,22.49,44.88,57.68
2038.92,36.54,63.16,53.04
939.77,24.85,52.68,39.93
7744.79,43.8,10.44,36.83
415.48,45.13,65.17,48.85
7070.73,21.66,6.65,26.49
11288.74,14.56,39.38,54.48
6948.14,30.03,11.95,35.23
4719.22,45.71,2.82,19.39
7755.13,11.32,31.54,46.11
5553.21,31.53,22.65,35.2
6592.84,31.95,36.02,40.19
11303.43,36.92,42.4,61.84
4694.62,7.45,5.06,11.09
11538.17,36.08,10.61,44.0
10873.67,45.54,41.1,62.83
2429.91,9.8,26.02,22.88
925.4,12.64,53.04,37.91
1299.26,48.6,47.66,46.5
316.84,9.87,61.19,38.97
1223.87,42.86,50.47,38.1
8227.78,25.12,32.1,49.54
947.14,13.11,49.11,41.19
3895.81,43.67,21.28,30.57
10154.02,22.82,23.44,47.41
376.94,26.23,57.23,44.74
9792.17,18.6,33.25,46.49
3454.07,30.05,57.89,47.92
1506.16,9.01,59.57,46.05
8391.17,20.16,62.03,67.78
7584.42,48.5,66.16,69.12
10541.92,13.65,32.17,46.56
8847.35,33.18,24.32,49.15
9661.42,16.93,42.75,52.25
3456.21,38.9,27.98,31.76
2211.53,7.41,44.08,35.61
9032.32,48.52,51.39,66.86
9701.33,23.24,50.19,61.91
11887.01,12.57,28.22,51.28
5010.15,4.6,13.68,24.31
4527.02,9.32,32.14,33.63
9339.31,26.47,11.98,37.68
4155.56,17.51,64.31,45.51
11176.01,41.62,26.21,50.52
10315.11,22.11,12.81,39.02
5205.03,13.19,3.78,15.31
9035.37,31.24,47.21,58.26
9079.06,35.63,46.58,56.88
1327.17,9.19,25.84,26.97
10840.38,9.21,7.02,38.91
6112.5,2.8,30.67,34.21
9934.84,37.08,23.79,45.72
3908.59,33.53,49.4,45.72
10756.73,24.26,44.4,57.32
4731.5,42.36,27.52,36.78
228.97,40.48,17.25,16.22
10874.05,29.68,71.16,72.44
1186.31,43.55,33.78,33.13
3899.83,11.09,50.18,44.91
11405.74,6.48,11.84,35.68
11412.23,14.22,35.99,56.44
6923.91,3.8,3.93,19.84
7618.86,27.03,37.38,47.79
5436.5,46.89,69.48,66.28
3589.21,2.93,28.89,28.15
4011.11,6.98,4.73,16.78
8102.97,23.16,4.17,26.18
9053.26,46.76,29.16,48.05
9519.79,16.49,13.2,35.08
9496.46,25.85,3.63,29.06
1185.35,3.04,54.93,37.35
5983.6,8.27,34.1,33.51
784.95,49.34,22.25,22.74
6639.39,48.29,65.01,63.49
5354.21,1.24,10.13,20.38
10663.68,47.64,68.91,75.93
4275.89,32.32,23.98,31.24
1493.1,43.53,64.19,51.71
1801.6,23.28,44.21,38.64
9161.98,26.26,59.87,62.32
7456.79,24.95,70.88,62.8
1303.36,33.68,22.19,20.0
1100.87,7.84,69.28,45.53
8441.53,2.47,29.26,39.48
965.88,16.09,28.99,21.41
9880.13,35.53,25.83,43.14
8504.28,10.89,39.9,46.97
1068.05,34.0,12.79,17.49
1109.57,48.53,40.76,37.79
11841.01,5.6,39.92,54.22
4553.82,33.96,55.33,49.94
4510.64,22.74,60.36,49.62
9772.31,43.54,32.83,52.07
11372.26,9.68,23.16,42.74
11833.41,34.94,20.15,50.14
9065.2,42.07,15.62,34.49
4577.49,47.29,6.04,22.58
1093.66,34.48,25.97,25.89
9348.05,25.36,20.92,41.78
6745.01,31.27,69.65,72.92
5148.24,43.58,41.04,46.58
10885.62,28.96,26.31,45.83
1423.25,2.49,42.63,30.72
5962.24,46.62,11.74,25.12
235.11,34.79,33.08,26.91
5677.06,34.15,45.84,45.82
770.01,11.57,36.22,29.64
1513.93,33.29,30.12,26.7
1498.56,20.3,71.57,50.88
7825.6,32.91,63.62,62.27
8977.93,6.22,45.64,57.48
7042.09,33.23,41.86,48.24
11549.85,49.97,45.45,70.64
4560.96,3.36,16.09,25.5
3499.97,48.88,29.66,36.82
10436.33,20.94,4.76,34.7
2760.79,43.67,35.29,37.31
11562.35,39.34,40.01,54.53
244.64,28.78,17.94,16.36
11641.56,37.18,69.48,80.41
613.6,44.05,65.66,48.89
10704.6,20.8,52.55,58.7
6379.64,17.02,39.34,43.45
11916.28,33.71,62.9,79.2
978.18,40.58,11.15,20.46
6690.87,38.35,57.34,58.2
11634.7,40.09,10.74,45.9
6324.86,22.34,57.59,54.12
7589.84,41.07,21.3,34.31
8379.41,6.89,63.4,58.75
5509.04,27.68,68.08,64.96
7567.94,1.28,12.42,27.24
7053.34,16.9,34.39,41.57
10823.78,18.96,70.67,72.9
640.81,20.41,35.84,33.38
3443.46,35.08,62.45,57.72
11409.9,20.04,43.21,65.61
10694.14,22.99,28.27,48.17
5522.32,12.64,22.0,31.29
7479.58,19.29,16.23,28.28
3400.84,12.14,55.33,49.45
2338.64,4.59,29.06,21.97
5618.01,30.57,37.79,43.45
4304.89,33.74,36.46,35.91
7045.51,31.36,42.41,47.5
1025.04,23.71,62.59,42.66
11695.3,19.61,70.65,74.25
11835.91,43.3,30.53,54.29
8408.12,26.44,59.93,60.8
6479.55,24.48,55.52,57.18
3783.38,2.26,42.15,33.27
9784.16,17.72,68.92,70.63
8248.3,19.63,16.03,38.34
2035.14,20.54,9.65,13.92
10940.03,29.43,61.78,68.18
9888.19,27.15,32.74,49.25
11402.62,30.79,61.29,74.94
8736.06,38.48,64.52,68.4
7399.64,40.84,6.37,28.35
5077.09,36.19,63.84,59.38
11199.47,47.82,33.38,53.39
10406.16,1.89,37.73,52.48
638.1,10.59,45.86,33.43
413.77,1.37,66.85,41.92
4579.91,32.73,3.34,17.35
9745.58,45.0,35.38,51.18
11848.59,12.93,50.14,64.75
1889.96,46.42,52.59,48.43
7170.16,3.95,50.48,48.39
4632.6,46.79,11.41,28.32
11641.98,18.23,22.96,40.85
10121.22,5.97,27.11,42.21
10076.11,24.81,58.31,65.3
5677.45,13.58,21.51,27.91
5036.35,14.96,16.75,23.57
3353.54,16.06,69.02,51.7
770.87,40.35,2.62,11.93
10390.2,27.42,71.85,74.13
9773.52,16.25,49.38,51.28
11996.64,30.91,59.99,65.76
11959.98,36.09,22.62,48.57
6709.64,14.36,3.0,23.6
9250.95,21.26,53.65,51.76
11342.71,6.97,60.39,65.64
10210.8,9.88,53.83,59.23
3043.44,34.37,12.0,25.63
5461.48,9.89,54.74,48.33
1637.0,26.73,55.82,44.25
11453.21,35.74,48.1,64.78
7313.48,6.24,55.63,47.7
2820.85,28.8,61.21,51.91
8093.24,13.57,44.95,51.39
7455.73,48.18,8.2,33.81
4362.14,24.69,36.13,49.57
1451.34,40.49,7.44,9.41
8091.72,27.96,30.53,49.41
6291.66,3.13,30.5,35.13
9290.59,32.02,6.62,34.36
6289.95,47.62,26.42,40.08
10240.96,30.48,9.77,36.26
6667.69,41.14,58.58,57.78
6775.16,44.33,68.34,67.08
10532.18,12.18,7.06,29.34
4901.45,11.39,68.86,59.03
1694.78,30.94,38.58,32.28
442.51,21.14,22.97,16.17
9086.13,42.15,7.38,33.62
7481.68,45.1,37.04,52.97
8478.55,18.32,57.62,58.41
2634.27,12.61,51.5,41.95
1722.82,39.25,5.52,12.81
273.08,14.47,7.1,10.89
4271.99,41.31,30.2,38.55
7120.02,21.76,22.67,41.71
4767.7,33.71,18.27,28.91
5305.95,5.68,21.67,30.63
10859.49,31.57,58.24,68.62
4244.24,23.14,67.05,59.7
6216.47,29.74,30.36,37.56
9425.47,9.23,65.43,67.94
4818.86,37.11,24.5,33.23
7502.83,43.28,35.35,47.77
10362.13,11.62,17.82,40.12
11399.3,5.69,46.83,59.71
1850.17,2.16,70.53,48.42
11126.39,32.46,44.24,61.38
5956.18,30.75,27.05,41.97
3173.11,27.79,47.35,44.97
5563.72,12.37,10.6,26.23
11762.39,20.15,64.21,71.09
5962.16,30.13,37.22,40.59
4012.14,25.34,33.45,38.27
7637.47,49.4,43.01,56.44
2957.73,7.69,45.73,41.91
1002.77,35.06,7.02,11.67
1633.67,20.81,49.78,37.89
1623.75,21.98,18.94,15.3
1907.64,36.16,51.98,41.7
1752.04,34.93,59.58,49.86
7726.41,49.57,58.28,61.82
2264.37,7.29,40.68,34.58
4213.44,6.1,38.41,35.42
10771.78,36.49,12.0,42.08
5740.14,29.34,56.27,50.57
8043.94,14.43,21.0,36.63
2150.61,4.89,36.77,20.7
2388.24,5.2,21.9,20.83
586.34,44.82,11.37,11.62
2110.33,10.4,46.07,39.6
3415.23,16.85,5.8,18.38
2206.42,12.11,54.41,42.88
1155.56,18.39,24.23,26.25
1535.57,4.4,2.01,4.36
5583.27,26.43,37.78,47.33
2555.37,4.31,5.28,14.5
4434.81,40.22,21.33,30.71
6090.67,12.45,51.49,52.89
8315.7,27.46,6.39,26.92
567.81,44.12,60.75,43.52
9612.98,32.89,2.27,30.0
7572.01,27.11,19.28,34.48
1072.93,16.89,53.86,35.86
10495.59,17.32,24.14,48.49
11058.38,33.8,9.13,38.92
826.83,49.71,27.22,28.41
3394.84,33.43,20.93,25.85
9693.8,28.33,60.99,61.12
9004.29,36.8,23.93,44.7
2295.8,23.8,57.23,39.41
2591.26,3.95,64.43,47.02
4508.62,28.55,32.37,32.37
5865.82,47.92,65.7,68.73
7457.23,9.59,28.41,41.36
4490.07,34.81,69.49,59.96
5604.16,10.85,8.25,25.88
8994.9,27.26,50.09,55.59
536.53,5.74,36.57,27.27
3104.0,23.07,29.14,30.8
8588.86,38.05,46.29,57.25
10752.96,18.03,51.27,65.67
6188.96,33.58,2.31,25.59
6432.15,39.98,13.69,32.66
1375.35,46.43,51.91,38.09
5424.21,12.5,48.65,43.24
6438.15,20.57,69.62,62.09
2985.4,8.47,55.27,43.68
3303.99,49.63,68.55,54.95
4589.68,46.42,51.18,57.88
338.85,27.46,22.86,24.73
3932.74,42.26,9.38,25.1
2616.23,26.53,56.73,46.27
3997.22,31.56,47.09,43.84
1525.17,5.37,5.37,6.49
10697.27,38.01,27.2,50.5
7163.75,7.26,68.98,62.66
8181.32,41.48,37.03,46.67
9491.14,39.32,32.29,51.5
6031.46,35.73,34.04,41.9
1134.35,2.77,16.62,9.0
6491.57,15.85,27.81,34.21
7083.41,13.89,27.89,36.78
8970.73,18.65,5.66,35.79
5236.75,5.29,55.73,50.49
1618.21,46.91,31.16,27.27
3476.93,28.14,59.55,51.6
4420.68,15.97,61.52,47.22
7786.42,20.45,16.84,37.39
6892.26,22.91,48.01,49.56
4337.55,30.43,35.06,37.66
11839.53,26.27,63.61,77.18
7308.72,46.05,17.1,33.08
2923.0,25.35,49.45,38.09
1311.21,49.62,44.54,37.2
1919.02,42.72,22.67,29.42
3026.9,11.22,11.56,13.13
2012.11,46.6,47.61,33.59
2320.15,6.7,53.7,39.17
3492.63,41.06,24.09,32.5
2163.15,19.65,47.14,41.74
10771.51,44.02,29.66,51.44
1054.78,43.53,51.92,40.59
6341.69,40.49,15.95,36.46
4983.72,39.71,64.32,52.9
11790.31,15.93,22.12,45.47
1433.26,4.97,27.75,23.05
4834.48,20.75,6.07,21.69
11636.7,9.5,9.81,36.37
10399.53,35.05,38.11,55.73
9823.16,17.96,20.73,33.73
3169.04,48.8,60.48,51.06
2133.56,32.41,3.03,14.87
8056.85,41.3,28.54,42.01
11159.57,7.49,25.61,46.07
6725.48,43.24,3.35,28.15
6902.19,46.22,10.71,31.08
3431.75,24.87,30.95,32.89
9256.97,30.71,36.5,48.26
2325.82,38.48,30.3,30.65
3951.78,9.57,39.17,38.14
5162.69,25.63,43.66,44.92
6140.56,20.53,2.69,19.79
2984.68,8.17,34.49,31.55
1466.56,19.01,69.44,51.83
7366.38,4.34,38.33,37.42
3534.7,2.26,49.43,43.81
7016.73,7.62,23.83,33.47
1936.92,48.19,56.18,48.56
5825.57,27.93,56.1,57.51
6437.81,48.33,38.49,43.82
716.7,22.19,70.32,46.68
4105.59,16.28,10.79,19.81
1699.53,25.8,3.19,9.18
854.16,22.54,55.91,45.77
11880.53,6.18,58.5,64.66
3936.01,32.4,10.41,20.78
9737.51,11.59,20.59,40.55
3130.22,31.36,3.23,12.36
8209.88,32.86,22.53,39.29
9146.71,8.45,56.12,60.26
7188.1,4.01,38.26,42.03
5711.76,39.26,26.37,37.21
5000.91,23.53,28.02,32.76
4251.53,3.85,2.09,9.42
11161.4,49.75,22.99,51.62
9984.37,3.83,47.25,60.65
11583.82,35.06,70.19,77.89
1579.14,49.2,61.29,50.28
8797.32,12.72,3.65,29.67
11266.25,7.97,64.9,65.99
2256.67,6.95,56.82,47.39
891.31,15.86,56.63,40.69
8919.34,5.95,34.06,50.02
6936.23,34.92,29.86,39.8
10117.76,4.05,23.2,46.78
1763.29,25.96,6.6,16.09
9563.68,49.84,17.98,45.33
2499.37,40.88,19.26,26.14
2047.51,31.15,35.89,32.08
2054.76,16.01,54.32,45.23
9793.44,31.57,35.17,52.24
8015.85,26.83,6.05,23.29
6324.48,21.88,69.05,58.67
4370.08,7.4,67.99,53.77
10538.69,44.44,56.96,69.62
4770.1,23.04,71.39,59.55
9817.53,10.54,40.11,55.35
5325.71,19.02,69.39,53.45
4585.64,21.29,7.29,20.96
5605.89,41.55,27.6,32.85
3686.4,36.95,17.78,29.2
8996.55,38.7,15.71,38.94
6082.37,1.54,11.86,25.31
2863.33,21.39,45.57,36.62
10804.94,24.59,56.69,70.05
4668.31,1.94,42.48,42.08
6568.28,13.73,12.29,29.1
10887.02,38.25,58.78,69.33
7528.43,7.72,46.52,51.13
1491.09,27.23,29.17,24.69
11284.0,11.54,49.19,63.52
7569.73,1.59,20.19,37.73
4085.38,12.82,26.16,32.55
1757.34,48.82,66.22,50.76
9548.9,40.28,22.34,45.9
7478.87,48.02,34.9,44.46
6448.19,24.9,64.31,61.66
10737.32,6.38,51.54,61.58
9484.31,27.85,6.35,27.59
1904.93,23.26,12.31,13.65
3809.49,42.37,2.55,18.06
3057.02,5.81,46.16,36.81
8952.96,24.92,33.34,43.99
499.04,8.35,11.4,12.01
6881.69,16.91,69.06,63.43
9173.26,37.13,39.08,52.87
10533.51,24.32,18.93,40.57
4170.77,19.42,37.04,40.21
9872.96,20.33,49.57,63.94
1416.52,23.51,7.34,11.52
10172.78,39.47,21.23,43.75
1617.12,44.71,58.49,48.82
4827.72,47.81,34.18,40.17
9587.81,39.56,40.26,55.14
1884.02,16.45,32.3,30.28
2828.09,34.72,5.07,11.09
8694.81,22.44,13.6,38.72
8668.43,13.48,33.19,45.32
7729.66,42.2,16.64,35.91
8357.99,2.88,5.5,25.86
6558.42,45.19,61.06,61.19
3096.41,23.61,70.68,50.0
4213.78,32.22,57.52,55.86
2261.01,33.31,61.76,49.33
10910.56,44.86,18.94,48.2
7042.36,32.2,69.24,68.34
4870.13,31.08,15.78,24.75
5597.87,4.27,68.6,58.72
11372.67,26.4,71.64,76.07
1924.88,8.36,51.82,41.2
7076.14,37.13,70.68,60.79
6120.08,26.1,41.87,45.54
7376.31,34.33,20.17,35.38
315.51,3.04,32.59,23.6
10478.27,5.15,43.55,56.01
11192.21,36.1,7.12,37.04
6825.08,4.53,45.56,44.44
8390.14,4.49,70.68,65.23
11077.74,1.59,15.31,35.93
8516.14,47.87,57.48,66.99
1915.21,37.14,65.55,50.08
6957.83,18.31,68.06,53.76
7319.91,15.53,69.21,62.53
5147.15,18.14,38.5,37.07
8863.69,38.96,70.41,66.86
11218.97,33.41,55.01,63.85
11114.27,10.07,13.32,39.12
5464.99,9.53,35.38,41.81
1447.53,5.82,52.28,38.3
11819.61,33.35,19.31,45.82
10082.89,38.45,46.84,61.95
1583.49,13.99,48.66,35.38
11058.02,2.03,13.39,35.4
10451.77,5.03,41.56,49.85
6274.17,48.43,56.01,52.8
7136.18,15.48,36.92,42.65
4848.13,38.69,2.85,21.61
751.66,31.61,2.63,9.41
4088.85,19.72,26.99,29.63
9653.96,11.08,66.83,64.56
155.12,6.95,18.01,15.56
4068.64,31.14,46.41,40.23
4838.21,38.96,17.55,32.29
6495.01,32.55,24.52,34.32
11046.28,26.98,61.36,67.72
4221.52,3.06,53.02,39.92
4228.74,48.46,8.68,23.04
8876.26,40.14,32.01,51.84
5481.39,15.35,4.04,21.48
2772.8,49.02,35.66,40.12
5484.03,30.49,48.37,50.37
1776.2,29.54,10.3,13.24
2199.01,37.66,22.22,24.99
6030.58,40.78,29.85,38.26
5085.21,33.17,66.37,63.0
10986.67,7.28,71.53,69.38
4412.49,17.58,5.14,20.93
7009.0,46.48,55.27,61.84
7623.95,12.01,28.02,44.66
255.82,19.24,29.47,21.48
7996.09,22.17,54.8,59.83
2218.63,22.53,66.29,57.05
11536.74,31.03,68.57,74.28
1869.09,47.21,42.4,34.09
5034.03,12.79,27.0,26.56
1115.66,6.95,57.13,41.75
11962.8,10.68,19.57,39.1
6076.12,44.46,41.49,47.13
7185.08,32.64,27.1,41.93
898.21,15.01,47.96,35.33
9024.53,40.98,18.83,42.78
2597.88,43.21,15.41,24.39
10786.85,42.48,66.28,78.44
2541.16,46.03,9.13,17.38
2369.18,13.36,37.42,29.85
534.94,38.0,17.46,16.69
5717.6,23.57,4.73,24.65
6821.61,42.26,4.52,30.31
881.93,36.7,14.27,19.12
9328.78,39.05,62.67,71.83
5494.14,33.15,21.77,29.74
6340.24,9.69,68.53,64.93
5345.08,27.71,42.71,49.22
4869.08,49.25,32.56,42.8
6759.72,46.93,42.61,56.35
1947.36,3.12,38.17,24.77
2264.94,9.08,55.11,40.02
10355.25,7.45,21.77,39.37
11358.77,36.57,26.71,53.58
4542.38,41.07,64.59,54.62
3321.86,11.46,68.25,54.75
7763.59,25.79,64.48,67.58
4963.94,42.19,31.36,41.14
402.1,36.91,56.63,42.87
1958.22,27.57,35.34,28.77
8620.07,29.93,36.83,47.1
7941.19,25.91,16.33,38.78
422.44,15.58,43.38,33.26
2741.47,28.69,15.03,21.56
2849.79,34.76,25.21,27.71
8095.52,43.79,61.85,59.34
334.56,32.18,16.5,13.85
1338.89,38.29,6.98,20.51
9619.0,8.84,6.83,27.13
2224.68,23.62,67.85,51.89
7867.68,1.46,37.48,46.9
2934.38,13.09,30.66,25.43
1283.35,36.6,58.76,46.01
2993.75,49.6,60.51,55.54
8694.98,5.86,25.25,39.31
10282.79,20.67,50.55,69.25
9979.62,40.2,55.98,61.06
4826.48,11.0,47.83,47.09
8050.21,28.2,12.61,32.9
2539.31,36.92,63.31,53.69
3588.46,31.18,39.74,40.31
10766.4,10.21,21.77,40.81
254.72,18.41,31.77,24.65
1117.55,39.41,4.63,7.41
2573.85,28.16,10.95,20.54
415.73,1.26,55.59,36.98
2259.08,38.29,2.0,16.01
7038.19,2.73,31.16,41.38
5114.95,37.54,38.58,44.17
10722.79,10.92,5.82,33.88
9827.58,47.95,70.12,72.69
4167.63,19.03,17.83,23.33
3187.14,17.02,23.29,29.56
4618.34,8.3,23.28,32.56
7124.51,15.97,18.13,31.87
3289.96,43.96,2.1,17.72
7527.37,49.82,53.05,56.91
4972.0,19.05,69.68,62.11
6669.36,22.98,17.7,34.24
5289.91,36.38,48.41,55.05
3604.14,44.42,53.93,46.9
11386.59,30.06,61.39,70.18
9186.91,20.18,31.58,47.14
1767.35,21.22,23.21,24.96
10434.77,35.09,24.77,47.07
5900.43,1.16,51.88,44.94
10745.17,31.36,59.17,71.22
9618.28,18.42,14.71,39.3
5160.04,39.92,27.97,34.42
367.38,5.56,65.14,46.4
3297.26,29.82,58.47,52.81
6545.45,24.57,70.94,64.52
7638.39,32.47,54.8,58.58
3168.86,4.18,29.52,29.43
1758.34,29.42,43.34,33.73
10035.67,28.51,48.27,59.92
11814.39,28.47,7.49,33.34
6355.71,30.57,40.11,48.67
2142.98,34.15,51.65,38.29
3340.46,40.44,13.71,28.66
318.85,14.22,56.64,37.43
10980.16,41.43,42.86,60.25
1501.24,25.41,68.66,48.38
6960.55,4.78,4.97,21.74
3361.26,3.87,20.57,27.08
6694.72,17.38,44.11,39.85
7851.9,39.46,22.76,44.54
9973.93,35.68,52.01,64.01
2556.41,39.64,55.13,43.29
230.85,26.35,9.18,8.31
1728.94,22.57,37.97,37.02
10810.22,8.23,37.62,49.5
10499.29,17.08,27.85,43.56
7209.22,22.27,67.3,66.66
7246.15,5.34,59.93,57.39
8013.94,11.81,50.8,50.98
2186.92,30.31,52.0,43.37
10981.5,37.05,34.32,52.03
5083.37,49.92,66.47,64.88
4659.35,46.72,50.62,53.71
6275.12,32.49,53.03,55.47
658.9,21.64,62.32,44.87
2078.77,32.17,21.19,29.52
8882.6,39.5,58.49,64.73
1085.3,6.8,15.67,11.09
7277.51,21.09,26.17,39.91
3019.65,42.15,25.49,36.93
4732.62,19.81,70.5,55.56
3535.46,29.02,61.96,50.78
4332.51,29.8,51.08,48.7
8656.65,10.04,52.89,56.22
3635.75,18.75,41.35,35.26
6840.22,17.39,68.3,65.55
5765.0,2.28,36.74,45.26
7997.69,2.19,28.64,39.59
11248.27,41.75,13.41,41.22
8817.61,14.38,57.03,55.27
2657.79,26.39,53.41,44.92
471.08,15.64,28.9,25.68
3220.94,47.09,3.76,20.3
7181.43,13.71,60.73,57.94
711.97,22.05,2.8,6.5
6006.76,43.76,51.26,50.56
7202.43,42.25,69.92,70.3
4077.5,10.12,32.64,35.53
9273.86,40.33,18.45,37.17
1368.52,23.45,51.34,44.01
994.14,24.67,59.2,44.93
8765.45,7.54,40.25,52.89
5996.35,4.95,69.69,55.02
8291.99,36.67,5.62,27.0
5274.45,25.33,37.34,40.44
3032.18,22.41,52.29,45.32
9847.32,36.75,62.38,74.45
9613.05,38.51,14.55,42.16
8366.89,8.79,58.0,57.81
3338.53,30.9,40.69,35.82
7123.74,7.63,29.76,42.0
4395.59,37.82,11.22,22.0
1189.83,33.19,62.57,51.88
11016.03,47.87,13.01,43.17
1728.14,4.38,23.69,25.46
11407.82,3.8,22.3,46.01
5407.47,14.83,63.0,54.63
