scheduled_days,order_item_quantity,product_price,sales_per_customer,delay_hours
4,5,336.82,1594.7,28.27
5,4,292.82,1007.42,22.76
3,3,180.8,469.27,11.52
5,1,88.05,84.4,16.82
5,3,306.43,820.27,16.94
2,3,165.87,470.82,19.64
3,5,434.55,1802.51,24.51
3,4,496.74,1928.37,23.46
3,2,378.69,713.59,30.66
5,4,54.34,213.31,7.56
4,4,151.46,500.71,13.75
3,3,63.46,174.88,9.94
6,4,328.75,1209.57,29.37
5,1,384.94,335.16,27.75
2,3,463.58,1240.11,22.99
4,1,224.7,181.47,17.91
6,2,451.67,857.43,29.51
6,3,440.17,1201.49,31.4
2,2,165.43,268.51,17.38
4,3,435.76,1223.81,30.21
5,5,194.08,866.91,17.03
1,4,155.47,501.79,11.43
4,5,328.05,1630.28,24.64
2,2,170.91,338.34,6.83
6,4,318.8,1150.97,24.31
5,3,308.82,758.52,32.59
4,4,286.09,1088.2,24.36
1,1,196.41,176.45,9.11
1,4,278.76,959.48,12.23
3,1,302.28,271.53,16.87
3,4,277.39,1003.58,21.03
2,1,227.77,207.85,20.62
4,2,17.19,30.54,8.79
4,5,297.66,1370.95,20.51
6,3,92.54,273.11,11.25
6,4,324.86,1133.7,25.76
6,5,382.08,1805.6,23.82
3,3,255.22,749.5,8.92
4,3,275.76,737.27,25.74
4,1,476.22,423.21,25.59
1,2,425.11,782.56,21.06
3,2,457.98,841.11,29.62
5,5,408.75,1964.69,32.68
3,2,63.37,113.47,8.3
5,4,83.01,331.78,6.08
1,2,268.05,435.26,13.3
2,5,130.57,522.69,5.81
4,2,243.58,452.1,17.63
1,4,203.24,698.89,15.79
4,1,279.21,236.79,9.61
6,5,375.97,1621.14,25.15
2,1,360.59,306.94,18.89
2,1,265.4,213.95,11.04
1,1,412.97,410.62,24.29
2,3,221.12,559.97,7.8
5,3,449.39,1276.46,24.17
2,1,44.93,42.8,8.45
4,5,477.78,2355.1,34.89
4,4,330.8,1066.64,21.44
4,4,196.24,764.87,10.14
4,2,106.61,193.06,8.11
5,5,244.8,1134.05,22.77
3,3,105.33,293.52,9.63
6,1,91.5,88.2,12.97
1,2,312.5,541.68,17.98
4,4,266.31,1008.37,18.36
2,3,338.35,919.35,25.5
4,3,465.51,1338.82,25.68
2,1,270.81,270.3,12.88
6,4,294.66,990.21,17.4
6,5,53.92,269.31,8.54
6,3,361.64,887.42,22.11
2,1,205.95,164.86,13.97
4,5,488.6,1975.98,29.51
6,4,413.36,1435.78,24.55
5,3,266.02,739.47,22.56
2,5,70.38,286.38,11.59
2,5,431.11,1726.88,24.99
4,5,401.89,1984.17,14.92
2,3,100.45,290.62,15.37
2,3,154.69,446.36,13.12
6,2,398.77,779.1,36.36
4,4,100.76,378.86,14.6
6,1,459.7,377.36,36.95
6,5,218.02,959.09,19.72
4,2,52.65,99.47,7.18
1,1,409.72,350.75,23.28
6,2,193.02,361.91,15.42
5,3,267.98,647.09,22.03
5,5,65.03,280.03,-0.76
2,1,11.27,10.25,3.54
5,1,322.61,298.87,28.81
2,1,262.44,240.24,16.3
1,1,300.83,282.65,23.25
4,1,398.93,319.63,24.69
4,2,326.84,536.14,25.95
4,5,95.64,465.67,6.27
5,3,186.78,524.67,20.09
1,3,453.89,1120.09,24.52
5,3,387.27,1125.11,25.38
5,3,282.75,719.69,10.74
1,2,135.27,242.31,6.85
1,4,158.01,523.99,9.45
1,5,368.66,1736.43,22.25
1,1,427.08,398.62,28.9
4,4,339.0,1142.05,30.29
3,3,406.67,1186.68,29.22
3,4,385.66,1357.93,20.73
1,5,83.35,357.78,3.45
3,1,217.73,180.82,18.14
3,1,84.96,72.49,10.63
1,5,125.27,503.84,13.28
3,5,435.94,1998.03,35.21
5,3,241.72,702.28,28.05
2,1,272.33,247.76,22.39
2,4,97.44,328.9,9.18
1,2,163.01,263.01,14.65
4,2,122.82,207.06,18.39
1,5,111.03,490.32,5.46
4,3,322.6,921.27,19.4
2,2,135.87,227.6,6.32
1,1,319.69,301.77,13.78
6,5,38.64,188.06,4.4
5,4,79.47,283.16,11.67
3,5,144.52,696.79,6.73
4,4,302.55,1102.41,17.19
6,5,341.16,1581.99,27.86
3,5,226.93,1027.15,15.57
3,5,228.44,1019.57,16.64
1,4,365.01,1236.55,24.41
3,4,17.75,61.11,8.05
5,5,177.13,759.88,21.43
6,2,411.17,750.52,29.48
3,3,305.58,755.39,25.63
1,3,175.24,516.97,11.1
5,3,453.71,1285.09,30.26
2,4,388.59,1368.29,27.48
6,4,139.8,465.1,11.7
3,2,326.19,636.98,28.5
1,3,301.92,873.84,14.87
2,3,206.58,585.25,7.86
2,5,189.81,810.78,14.1
4,4,178.34,628.11,12.61
5,3,312.41,769.04,30.62
3,2,226.78,380.0,13.71
1,2,417.61,798.97,23.24
4,3,338.11,956.52,16.6
5,4,44.27,162.68,12.17
4,2,323.68,633.86,18.67
6,5,142.86,654.77,17.92
5,2,300.48,536.89,20.41
5,1,343.26,297.98,16.28
3,1,123.11,121.64,10.98
5,4,233.86,763.83,18.74
4,3,103.26,305.5,14.09
5,4,35.65,137.66,14.71
3,4,195.45,645.76,21.12
3,4,187.84,685.99,16.55
6,4,497.79,1938.02,34.2
4,5,228.71,1045.62,10.73
2,5,173.45,851.15,11.48
2,2,294.43,582.15,18.18
5,1,53.5,47.32,9.18
6,4,481.22,1685.16,34.79
1,2,321.13,634.08,21.64
5,1,379.87,355.19,23.02
6,3,93.53,230.98,9.74
4,5,210.64,851.47,14.97
4,1,217.12,198.21,14.2
4,3,412.69,1220.78,19.47
4,1,10.61,10.28,2.34
4,5,157.42,736.07,7.94
6,5,490.81,2031.52,37.37
6,2,242.69,412.98,27.55
3,4,197.44,770.1,9.19
2,1,68.72,57.49,8.42
4,1,487.34,417.01,33.66
1,3,19.81,49.08,-4.08
6,5,371.22,1735.86,27.2
1,1,386.61,382.28,30.76
1,5,129.39,552.36,9.68
1,1,339.06,303.49,17.27
3,2,55.54,102.96,4.64
6,4,135.95,543.74,6.91
1,1,396.07,325.16,22.99
4,5,433.7,1951.03,34.48
5,2,308.16,540.53,19.25
1,1,258.35,251.42,6.48
3,3,88.06,236.49,5.65
6,4,40.92,134.58,13.77
3,1,67.65,62.7,5.97
1,2,121.41,231.69,3.89
6,3,177.42,426.11,17.35
5,2,196.65,382.21,17.85
1,2,179.7,300.89,4.53
3,3,127.14,347.25,9.39
2,2,259.76,458.82,13.6
4,3,414.39,1173.47,23.56
3,1,147.05,128.56,7.58
6,3,471.77,1378.44,35.75
1,3,437.93,1242.98,20.22
4,4,89.26,331.88,1.68
1,3,395.28,1137.51,21.72
6,3,291.55,831.62,25.88
1,1,287.62,232.16,12.5
2,4,201.61,708.82,10.04
4,5,255.56,1260.12,15.18
4,1,204.62,168.84,14.64
6,1,274.47,260.04,26.95
2,5,317.7,1580.43,17.43
3,3,340.41,827.65,24.28
1,2,270.92,507.4,10.77
5,4,363.5,1299.34,23.34
1,2,79.23,145.12,8.88
1,5,113.87,465.2,2.97
3,1,411.18,332.48,28.91
1,1,168.04,156.84,7.19
2,4,21.22,81.88,1.97
2,1,85.36,81.64,13.75
4,1,119.57,108.66,10.04
6,4,479.09,1571.36,32.74
5,4,290.79,1090.59,23.71
1,5,467.04,1981.13,24.76
1,1,291.83,286.64,16.91
3,1,244.88,236.96,16.32
6,5,163.73,771.07,10.98
2,3,307.12,911.93,19.15
5,3,78.21,189.18,7.88
4,3,450.15,1279.2,31.01
2,5,416.37,1802.98,28.31
6,1,165.59,162.48,9.86
4,5,476.87,2034.65,34.34
3,5,414.35,1957.74,22.57
3,3,336.49,984.77,20.2
1,2,69.66,112.62,0.93
6,1,244.33,214.9,21.77
5,3,257.99,737.18,20.07
4,2,123.95,220.87,16.11
2,2,49.18,83.95,2.09
6,4,390.59,1318.57,34.37
6,1,69.8,57.68,14.95
3,2,301.2,585.19,19.52
1,3,468.86,1287.12,23.62
1,4,439.29,1432.57,21.44
4,1,146.1,128.06,12.14
3,5,427.21,1865.94,25.53
6,3,10.16,25.49,8.07
5,2,18.67,33.12,5.47
3,2,305.25,528.95,20.06
4,3,188.75,491.71,11.49
4,2,199.37,377.93,16.86
3,4,286.58,968.24,17.14
4,1,103.97,96.52,13.79
3,4,113.76,415.97,13.34
2,2,247.45,452.15,18.93
3,5,379.58,1769.98,23.75
3,1,313.55,285.23,21.72
4,1,155.7,151.94,12.29
4,3,220.87,619.62,19.15
1,3,93.63,255.44,8.74
1,5,46.57,224.92,-3.44
2,1,393.52,362.52,23.99
1,5,140.04,600.93,12.97
3,3,97.11,245.13,7.33
4,3,348.89,869.22,20.55
1,1,312.85,306.56,15.26
1,4,320.26,1206.77,10.69
2,2,122.16,241.26,9.21
6,3,124.0,342.48,14.72
2,3,118.19,317.23,9.1
3,4,95.14,308.99,10.12
4,4,331.3,1238.17,18.57
2,5,425.53,1949.87,24.37
1,5,364.92,1821.03,20.52
4,2,398.13,675.09,23.55
4,2,208.35,377.59,17.7
1,1,330.5,307.43,18.15
2,5,183.58,852.65,8.65
1,3,267.5,732.09,15.41
6,5,246.0,1175.12,19.14
4,3,96.67,243.9,13.02
5,4,199.67,754.85,15.73
5,5,482.27,2227.96,25.45
3,4,131.8,516.24,11.36
1,2,75.56,146.5,5.8
1,2,215.1,371.28,7.53
3,1,397.27,339.76,27.17
3,5,295.25,1470.83,21.06
3,4,343.68,1244.74,17.4
4,3,102.95,303.07,7.91
6,2,313.28,521.78,23.7
1,2,168.52,312.96,6.49
4,3,418.81,1208.65,28.9
3,4,318.36,1260.04,20.21
1,4,107.44,372.8,1.7
4,5,41.66,196.84,3.79
6,5,30.89,140.2,14.3
4,1,191.99,155.92,21.54
6,2,140.27,263.15,17.77
3,5,326.58,1531.69,18.98
6,4,254.67,1004.54,19.17
1,3,140.35,378.72,10.12
3,4,83.13,281.33,8.16
1,2,72.33,117.02,-1.72
5,4,433.68,1531.98,32.51
2,1,129.3,111.25,14.65
6,2,329.34,627.21,28.02
2,3,407.24,1063.94,18.4
2,1,310.9,307.73,15.8
6,2,431.19,855.88,22.73
3,3,202.27,560.8,20.4
5,1,478.55,471.72,29.8
1,1,75.24,71.64,14.4
4,2,60.05,109.22,16.42
1,5,332.76,1391.04,13.52
4,1,471.99,420.88,26.57
1,1,406.35,370.66,23.48
6,3,47.44,138.45,3.75
5,4,146.89,526.61,12.29
4,2,465.86,912.65,26.74
3,2,134.0,250.55,18.2
1,5,392.77,1624.89,20.78
1,5,414.31,2069.47,20.08
4,2,252.77,457.74,15.71
3,5,199.31,875.34,17.04
3,3,230.56,644.52,13.44
6,2,121.21,199.22,14.46
6,5,445.8,2066.97,27.73
6,2,230.8,415.28,14.07
6,4,442.41,1559.65,26.34
6,1,61.79,61.21,9.88
6,2,494.25,894.11,32.26
5,1,227.2,191.72,17.78
3,5,33.44,149.11,4.82
6,1,28.63,28.17,8.28
3,2,375.64,627.48,28.28
3,4,332.93,1122.36,24.14
2,5,403.04,1617.41,21.61
5,2,61.63,98.96,11.2
6,5,27.43,132.47,7.88
1,3,259.2,735.94,2.49
4,1,199.92,174.13,15.88
1,3,236.35,666.27,13.94
5,2,495.88,871.8,25.44
4,4,485.67,1924.38,31.48
5,5,471.73,2343.11,28.96
3,1,394.08,346.22,25.36
4,5,183.87,892.55,13.19
3,2,211.94,404.64,19.7
1,5,279.31,1203.83,15.37
1,1,416.96,352.92,26.16
4,2,43.67,77.88,12.12
4,5,217.91,1041.9,11.42
6,4,50.48,200.31,7.77
5,2,262.18,499.57,22.02
6,2,450.46,874.83,29.66
5,4,393.42,1448.75,25.42
6,3,121.64,352.91,19.63
3,1,488.24,467.19,27.47
4,3,337.0,885.03,18.37
1,5,15.11,68.78,-2.08
5,4,135.15,519.49,22.19
5,3,137.75,334.41,13.07
1,2,43.93,84.49,-2.16
6,5,480.31,2006.68,24.94
5,5,244.35,1103.16,16.22
3,3,448.95,1295.21,25.56
4,3,167.89,428.5,17.59
1,4,71.36,242.38,7.68
4,1,242.42,213.46,17.9
5,3,65.84,193.36,8.38
5,3,248.15,595.63,20.67
1,2,460.95,903.72,17.15
3,5,265.18,1101.51,24.68
2,1,312.08,311.46,21.02
1,2,86.75,171.93,8.91
2,4,31.43,113.01,-0.53
6,4,64.3,232.13,16.55
2,3,303.28,815.5,15.72
3,3,56.56,157.31,2.92
6,4,194.24,635.67,17.76
2,3,279.55,676.39,16.13
6,1,200.44,162.67,14.51
2,3,90.21,240.56,3.33
3,5,144.16,616.36,6.82
2,3,464.88,1289.22,21.79
2,2,341.23,681.43,18.11
2,1,253.06,222.0,9.9
1,2,16.23,29.69,-0.85
1,2,496.28,876.55,30.09
1,5,339.01,1643.27,20.74
3,1,165.29,162.06,8.36
6,1,440.84,430.03,34.67
5,1,136.63,135.93,6.27
2,1,276.57,222.78,26.35
2,1,321.67,311.36,24.08
3,5,118.32,562.23,7.18
2,3,489.41,1241.74,28.4
1,2,376.61,746.64,14.33
5,1,283.33,235.06,21.71
4,3,98.49,276.53,9.59
2,3,36.39,92.25,0.88
1,2,166.83,295.71,7.57
4,5,379.06,1788.84,21.69
5,4,141.97,518.28,9.27
4,4,274.38,971.85,15.49
1,3,366.69,951.86,13.47
6,2,62.89,121.75,15.17
6,4,345.8,1146.34,21.76
4,3,55.02,146.25,3.26
3,5,482.91,2368.07,31.01
4,4,249.31,966.5,19.14
2,3,83.83,221.36,9.81
2,3,177.77,508.04,14.95
6,1,212.57,205.05,27.18
3,5,381.51,1865.16,21.95
1,1,374.28,340.18,14.18
2,2,309.85,521.1,19.18
6,1,61.91,52.69,9.22
5,1,84.27,72.4,7.68
6,4,55.94,205.58,11.4
2,3,292.81,708.51,20.5
2,5,439.8,2038.93,20.65
6,1,222.56,194.27,25.03
1,5,88.82,381.5,0.98
4,1,283.44,276.61,19.0
2,2,407.76,727.44,24.53
6,1,373.44,305.85,25.92
6,4,441.91,1706.39,23.19
3,3,146.17,354.99,14.92
4,2,105.04,198.6,8.36
5,1,441.11,421.16,32.34
1,5,332.2,1445.93,12.05
5,2,162.36,313.34,10.84
4,2,373.75,675.09,27.74
4,1,409.41,365.46,27.63
4,2,311.34,503.8,19.41
5,5,347.06,1488.9,25.27
4,2,193.88,382.41,11.48
6,5,273.96,1203.18,22.14
5,1,266.84,242.65,21.16
4,3,425.54,1157.13,25.18
6,2,421.58,774.09,26.34
3,3,418.01,1018.61,25.08
4,5,15.41,67.22,5.55
5,2,377.28,712.78,24.1
2,4,381.75,1282.85,17.15
4,3,342.41,863.61,22.57
2,2,380.57,610.45,19.78
6,3,422.57,1125.09,25.39
3,2,240.46,469.64,16.3
1,1,256.0,207.46,20.53
3,3,71.11,178.82,5.99
4,4,198.83,685.58,21.13
2,4,325.25,1231.19,26.92
2,5,392.4,1820.99,17.81
5,2,116.43,205.66,12.96
2,3,77.53,221.38,14.69
5,5,334.89,1543.72,22.76
6,3,10.92,32.08,9.09
1,2,97.4,187.71,-0.71
4,4,24.24,82.47,4.29
5,1,91.77,78.4,14.11
1,4,98.85,326.23,15.36
2,5,199.96,867.22,11.21
2,1,207.14,207.12,6.51
1,5,438.39,1931.44,16.8
2,2,259.95,438.85,15.45
6,1,364.47,347.16,31.73
6,5,61.03,277.23,13.6
1,2,120.46,199.94,8.96
5,4,354.44,1242.15,29.66
5,2,35.87,63.34,6.01
1,3,248.43,708.6,13.4
5,2,303.69,488.42,20.2
5,2,305.05,520.91,21.27
6,3,21.24,57.57,5.44
5,5,167.83,716.44,13.52
3,5,321.88,1489.8,19.48
4,2,83.01,148.82,8.26
2,3,350.75,917.92,19.29
3,3,375.5,1115.06,24.3
5,4,491.16,1820.11,36.21
6,5,112.82,465.94,18.89
1,1,414.31,377.86,25.06
5,5,264.95,1266.65,14.71
6,5,193.0,908.74,16.21
4,4,69.96,233.5,7.6
5,1,370.4,368.36,23.19
1,4,125.57,446.91,8.35
6,1,192.0,159.71,12.02
6,2,40.65,67.97,17.41
6,1,402.67,330.05,33.71
4,4,385.63,1481.9,26.39
5,5,369.47,1522.97,24.73
4,1,156.73,129.31,18.55
2,1,95.01,92.17,10.31
2,3,322.4,840.42,22.95
5,5,253.12,1020.29,18.92
4,2,97.34,157.76,17.62
1,4,346.1,1146.88,22.67
6,2,495.65,835.35,35.42
6,5,376.14,1754.75,31.83
5,1,372.59,309.8,24.25
2,1,475.65,391.83,21.91
2,5,109.44,521.45,8.76
6,1,287.12,268.23,22.93
5,1,490.03,434.69,31.01
4,1,90.99,82.79,15.21
2,4,353.12,1218.12,20.52
4,4,297.05,1065.22,21.11
2,3,297.37,804.09,15.96
2,2,351.86,617.48,23.72
3,5,465.51,2284.06,29.58
2,5,393.47,1580.2,25.17
1,5,37.51,179.38,0.39
5,3,427.84,1058.75,33.51
5,4,120.52,462.56,20.08
4,3,194.69,539.2,18.5
2,5,236.25,1144.22,10.58
1,2,245.64,402.61,10.17
4,1,223.24,203.55,15.46
3,4,469.3,1689.89,24.91
4,4,355.95,1340.14,22.71
4,3,319.27,868.6,23.89
2,4,34.42,125.03,5.08
3,5,452.92,2006.25,26.96
4,5,455.6,1963.1,26.82
1,3,392.3,1055.04,20.22
1,5,13.44,55.35,4.36
5,2,38.07,75.55,0.96
3,3,120.36,340.46,9.87
3,2,74.36,147.31,8.97
5,1,205.43,173.66,20.71
4,2,462.09,901.88,24.66
3,1,241.31,232.08,12.11
1,1,16.57,15.5,4.46
1,2,148.55,274.82,0.91
2,3,31.85,82.49,9.32
3,5,27.78,133.8,5.8
4,5,145.1,653.17,18.49
5,1,145.05,118.1,10.2
5,1,395.69,341.31,25.34
4,3,487.67,1444.08,20.15
6,4,191.89,744.64,14.61
2,2,220.15,438.71,12.87
5,1,423.95,392.41,20.65
3,5,141.39,600.56,8.99
2,3,86.63,216.37,-1.22
3,2,428.01,716.82,24.47
1,3,32.79,79.09,7.13
2,2,313.65,550.85,18.14
5,2,285.38,478.46,28.0
2,1,179.5,158.38,14.92
2,3,164.44,486.91,16.01
2,3,388.21,1031.99,18.75
6,5,52.35,255.36,7.46
2,5,126.02,580.39,9.68
3,1,368.9,313.35,16.43
1,1,278.68,242.78,17.12
4,4,72.71,237.55,7.54
2,5,442.25,1916.47,29.43
5,2,202.79,379.42,19.96
2,3,415.66,1015.57,27.57
5,1,395.98,333.05,24.08
3,3,315.97,830.64,23.89
5,3,252.3,754.18,25.29
4,4,489.98,1875.59,29.54
1,5,81.03,383.55,1.59
5,1,365.33,300.75,22.68
5,3,103.68,297.42,17.04
1,1,175.75,168.2,20.82
4,2,161.26,296.79,9.74
2,4,474.05,1892.54,21.67
5,2,484.0,837.37,34.99
1,1,99.68,98.51,3.27
3,1,20.8,20.45,9.41
1,5,362.8,1455.37,20.5
3,3,214.82,573.58,14.55
4,3,53.53,159.85,9.84
2,2,345.04,566.3,21.37
1,4,277.1,1008.15,13.84
6,3,490.45,1465.16,25.9
5,5,121.43,553.17,13.29
4,2,207.95,348.51,22.29
1,2,275.85,505.6,8.46
5,5,397.93,1673.07,22.53
1,4,278.93,1008.54,16.35
3,5,310.32,1264.26,19.17
1,4,120.81,445.11,8.39
6,5,424.99,1919.59,26.45
1,5,220.03,1042.98,16.15
1,1,79.07,73.23,5.44
6,2,335.45,610.47,28.16
4,5,115.88,543.45,12.08
1,5,57.81,239.56,4.09
6,3,432.37,1192.14,32.53
5,2,235.48,392.98,19.62
3,3,377.15,1114.6,18.0
3,2,152.39,247.99,16.07
1,3,395.62,1051.65,23.95
4,5,64.85,304.52,-0.18
4,5,184.43,822.19,11.6
5,1,489.25,400.41,35.93
1,3,399.05,1090.22,13.54
3,4,253.66,941.92,20.16
4,1,176.49,166.03,14.06
1,3,437.35,1147.59,28.13
4,3,276.98,758.43,19.24
6,1,381.63,339.7,24.99
4,5,379.51,1773.09,25.21
3,3,18.79,51.68,4.72
2,5,71.86,325.22,2.35
5,1,333.22,283.21,32.83
5,5,89.19,356.94,7.08
3,2,135.19,225.72,1.89
4,4,473.85,1560.7,35.22
1,3,284.49,759.43,12.79
4,4,377.86,1394.23,22.91
3,5,283.41,1194.03,16.24
5,3,280.73,831.92,18.66
4,5,56.13,224.9,4.74
5,2,178.39,340.53,12.03
1,1,148.39,137.27,8.98
5,3,201.46,528.66,15.37
5,2,401.19,650.01,30.08
2,2,192.25,355.85,14.14
2,3,231.33,608.71,10.26
6,5,204.72,1010.55,18.67
2,2,55.77,101.32,3.72
5,4,226.13,893.6,14.04
3,2,105.85,178.7,12.15
5,5,101.49,479.61,11.09
3,5,56.08,258.94,4.67
3,4,184.77,700.56,9.52
2,2,381.17,642.6,17.55
4,5,145.46,678.57,20.23
1,3,163.05,440.04,10.39
2,1,324.91,308.2,14.68
2,1,105.96,91.7,9.25
4,1,449.51,439.63,32.52
1,2,264.89,432.76,15.01
5,4,229.33,881.95,23.66
6,5,283.33,1377.36,16.0
6,3,91.36,264.06,5.0
5,3,310.6,840.99,23.47
2,2,187.92,333.62,13.1
1,1,449.62,449.28,10.42
2,2,92.74,156.89,4.74
3,4,258.46,940.15,12.59
2,4,303.08,1132.47,11.79
2,5,26.36,123.91,-0.73
5,5,188.21,791.24,18.29
5,4,368.99,1373.82,21.08
5,4,411.98,1588.06,23.37
6,4,163.45,529.58,9.9
3,2,401.31,788.42,29.24
5,4,484.2,1560.87,32.65
1,3,429.87,1123.5,12.42
6,1,67.65,54.33,8.25
4,4,372.47,1214.89,25.94
1,1,166.64,163.68,14.76
1,2,494.32,861.08,29.18
5,1,247.83,219.32,18.27
4,2,69.99,118.01,1.37
4,3,365.34,1007.7,27.15
6,2,168.28,309.29,15.83
4,2,498.57,871.94,30.8
3,5,490.09,2123.58,27.29
5,4,331.51,1295.53,17.85
4,4,73.61,258.12,10.34
6,3,346.56,934.36,26.63
3,3,55.58,142.84,4.98
2,4,24.39,93.4,5.3
2,5,413.25,1817.25,17.17
3,4,112.78,407.24,8.26
6,5,195.72,832.47,17.89
3,3,486.99,1457.36,21.31
5,1,175.05,150.25,15.82
5,3,155.28,444.48,17.6
2,3,459.92,1221.78,24.18
4,2,64.27,108.13,8.68
6,2,382.2,733.78,29.96
2,2,494.15,856.58,25.76
4,2,451.64,878.93,26.99
4,5,329.32,1618.69,16.76
5,4,163.89,637.18,14.83
1,1,134.62,108.64,6.69
1,3,411.44,1181.83,23.47
3,5,441.11,1945.89,27.81
5,1,267.46,260.71,23.84
4,5,129.73,601.68,9.45
6,5,65.34,315.83,2.56
1,3,52.72,142.33,6.5
4,4,362.35,1314.61,25.04
1,2,215.86,357.84,9.35
1,4,453.63,1736.13,25.6
1,3,372.44,987.57,13.73
6,3,103.72,280.05,17.71
5,3,310.75,892.18,21.1
6,1,223.4,205.48,16.65
2,4,292.85,984.23,14.36
4,4,371.65,1364.77,22.86
5,5,405.04,1785.27,26.7
5,5,423.43,1892.53,27.86
5,5,134.45,541.61,11.5
5,3,25.25,63.78,8.96
6,4,372.25,1274.89,26.85
5,3,62.11,175.63,7.42
3,1,164.31,131.83,9.32
4,5,11.87,52.33,8.03
5,3,344.02,1016.38,26.2
4,3,91.89,226.7,10.22
3,1,331.09,299.07,24.55
3,2,495.95,949.55,21.05
4,4,45.61,180.34,5.22
1,2,47.77,90.7,-1.14
2,5,176.79,834.55,19.86
1,3,434.53,1258.35,25.48
1,1,115.61,102.81,6.76
6,1,186.59,179.34,21.27
1,4,43.57,139.7,7.34
5,2,383.95,756.31,30.72
6,4,210.07,746.72,22.39
6,3,382.03,1043.72,26.45
3,4,452.77,1541.19,24.33
1,1,124.05,117.66,3.65
3,1,405.62,330.71,26.59
4,5,38.96,189.84,6.31
2,5,450.44,2174.78,22.85
6,3,328.88,831.95,22.96
4,2,438.37,843.31,33.32
4,4,10.09,38.64,9.52
5,3,92.85,258.06,18.86
2,5,200.98,878.99,14.17
4,4,195.96,669.63,15.23
4,5,121.1,512.47,10.95
2,4,196.99,680.58,7.97
2,2,73.14,143.46,1.21
4,3,212.25,519.29,18.04
2,4,403.15,1557.41,18.62
4,1,244.74,212.87,18.88
4,1,18.82,17.02,11.2
5,4,216.51,830.44,14.86
1,4,23.32,91.12,9.91
4,4,483.46,1680.42,25.41
3,1,72.45,64.65,11.88
6,1,356.77,314.99,28.34
1,4,486.66,1562.47,29.81
1,5,414.76,1781.79,16.77
1,5,352.66,1572.58,27.36
5,2,421.34,743.43,27.45
4,3,491.08,1391.31,32.66
5,5,314.46,1378.85,28.0
4,1,284.0,255.0,17.58
5,5,317.84,1407.91,25.69
5,2,271.01,513.9,17.56
6,2,321.19,624.78,30.25
3,3,230.42,626.54,12.38
5,5,117.04,560.56,12.51
6,1,68.92,59.23,13.47
2,1,43.49,39.5,8.11
3,4,139.02,483.26,18.52
5,1,32.6,28.78,7.12
1,3,287.91,817.51,19.85
2,3,149.08,436.65,17.74
2,1,414.02,341.28,24.16
6,1,46.38,42.99,8.92
2,4,120.91,443.22,1.33
3,1,367.82,302.97,30.22
5,4,303.42,1022.38,20.89
5,4,41.6,143.47,4.77
1,1,439.85,366.56,17.86
6,2,439.86,746.66,26.58
1,2,171.9,293.44,13.37
2,4,176.8,613.24,15.27
1,1,494.62,469.83,28.64
3,2,316.83,579.41,20.47
5,1,270.35,269.61,15.84
2,1,420.69,371.45,20.91
1,1,149.79,142.42,4.36
6,5,220.3,1073.18,21.31
3,1,141.21,132.14,7.11
3,5,396.69,1750.14,20.48
1,4,290.94,1106.41,14.51
5,2,332.82,559.63,17.06
1,2,133.63,231.32,7.97
2,2,117.91,214.44,8.07
1,2,249.3,456.26,18.3
3,2,371.41,597.55,19.39
1,2,267.37,528.87,9.27
5,2,26.0,48.84,6.9
6,4,435.59,1566.63,25.59
4,1,41.7,41.14,8.04
1,3,478.35,1274.06,17.38
5,5,22.32,111.16,5.19
5,3,350.28,948.34,20.7
6,3,50.28,124.12,13.19
3,1,456.23,434.77,23.87
5,1,237.57,222.31,12.23
5,1,77.39,73.88,10.36
5,2,177.0,350.56,17.23
5,4,90.76,346.81,10.15
2,2,93.59,172.63,4.83
2,4,474.57,1844.11,23.24
3,4,228.17,853.04,15.56
1,3,396.51,1048.72,17.17
5,3,323.41,948.03,21.76
6,4,341.45,1153.25,28.27
1,4,74.53,281.11,-0.78
6,2,124.75,243.59,14.66
1,2,395.51,748.51,13.72
3,3,485.68,1368.82,29.1
5,1,138.71,131.85,10.32
5,4,143.07,511.05,17.93
4,2,241.72,471.27,11.78
6,3,492.08,1241.06,34.77
1,2,141.79,234.09,13.07
1,4,209.42,717.98,7.05
2,4,446.83,1619.88,21.09
4,5,11.43,51.56,1.79
2,1,29.49,28.43,2.33
2,5,306.0,1347.8,19.37
2,3,454.62,1223.2,22.86
6,2,127.04,203.94,10.47
6,3,240.12,635.32,12.33
3,4,230.73,857.9,21.64
3,5,241.76,970.79,22.31
2,5,315.03,1348.61,19.99
4,5,240.17,1010.62,13.77
1,3,229.26,556.0,15.35
6,4,242.4,868.62,24.11
4,2,299.53,501.02,19.56
5,2,273.13,518.19,20.92
6,3,428.53,1246.49,34.75
6,5,34.25,155.69,3.15
3,1,418.33,416.8,29.21
1,3,423.52,1130.92,20.84
1,3,149.6,405.12,3.93
5,4,236.8,945.16,14.42
5,2,224.88,380.64,14.89
6,3,117.07,347.17,9.41
2,3,204.43,495.89,19.71
3,5,31.75,141.17,7.05
3,5,146.13,594.75,15.06
6,1,410.17,387.96,31.56
4,4,149.44,550.94,12.92
2,1,410.92,386.81,23.65
6,5,270.48,1183.21,19.93
2,2,441.13,771.0,23.39
2,5,291.64,1179.78,10.95
2,4,24.54,85.4,7.75
6,5,340.96,1680.69,17.8
3,4,31.98,112.04,1.06
3,4,230.79,892.03,23.29
2,4,465.42,1802.97,26.02
4,4,90.95,318.2,10.46
1,4,201.04,744.97,13.3
6,2,367.63,602.23,20.82
1,1,442.31,363.02,17.84
4,3,338.76,822.91,20.56
6,1,136.5,125.06,12.01
2,4,340.56,1205.87,18.93
3,2,155.4,282.71,13.81
1,5,362.03,1636.76,24.16
5,2,477.48,830.85,34.22
5,4,363.48,1360.13,20.9
4,2,432.81,823.81,25.74
2,2,11.03,17.71,0.56
1,4,361.61,1217.1,14.71
2,2,416.5,785.23,18.45
1,3,29.87,78.62,9.05
4,3,437.08,1222.73,27.3
4,2,135.78,236.09,11.49
5,5,335.99,1475.25,25.24
2,4,402.17,1338.0,24.44
6,3,334.71,855.16,29.61
5,5,55.22,254.31,6.29
2,2,302.2,535.88,19.32
5,5,279.3,1333.46,16.82
6,1,451.16,437.86,30.6
3,3,208.08,567.02,14.53
3,2,167.33,318.48,13.08
3,4,377.43,1300.44,23.01
3,2,212.21,374.76,17.92
1,4,326.59,1231.32,14.64
3,2,326.76,573.3,21.16
6,5,445.14,2042.53,27.22
4,5,303.36,1269.67,31.85
4,5,256.06,1177.82,14.15
1,1,78.05,75.89,2.4
3,4,66.71,259.83,10.57
3,5,85.62,404.5,6.06
3,1,94.21,89.42,12.54
5,4,322.56,1176.16,23.44
2,2,373.08,684.18,19.64
5,1,269.7,222.97,17.77
2,3,416.22,1109.77,20.06
3,1,495.72,441.27,27.52
3,1,411.81,408.39,24.19
5,4,350.49,1242.44,20.9
5,2,270.92,493.0,20.21
2,3,229.94,625.43,9.52
4,5,51.35,238.1,10.59
2,5,205.69,976.66,16.07
5,1,455.97,385.3,27.28
6,4,405.93,1470.68,25.46
5,4,115.87,447.34,13.21
6,5,238.64,1065.08,24.99
1,3,410.19,1052.99,27.36
5,2,43.02,80.1,3.64
1,3,199.82,578.33,14.92
4,2,427.4,694.63,26.72
2,5,207.91,993.14,12.23
6,2,48.03,92.63,13.02
2,4,275.84,984.53,14.07
1,1,432.25,430.81,27.3
6,1,299.24,286.47,29.46
2,5,120.88,577.04,13.89
5,4,198.28,753.12,9.24
3,3,230.56,574.18,14.51
1,4,293.84,991.35,7.65
2,1,382.08,341.12,18.84
1,1,58.45,49.85,-5.37
1,4,445.93,1575.11,24.8
6,4,16.03,62.69,9.88
6,1,191.33,184.61,16.64
3,3,23.44,65.12,1.91
5,5,202.56,984.06,17.88
1,5,267.65,1280.38,9.84
2,4,260.72,923.78,10.92
4,5,91.16,382.97,4.75
1,1,326.41,294.7,16.81
1,1,31.94,30.26,0.57
3,4,383.33,1360.49,21.33
5,4,473.86,1769.12,32.48
4,4,176.49,578.09,17.88
6,3,263.45,750.52,27.37
6,5,195.67,941.7,18.02
2,4,13.29,50.04,4.25
4,2,199.08,395.55,16.31
6,2,397.94,768.29,21.8
2,1,302.03,296.18,16.42
5,5,59.62,294.14,8.02
2,4,425.1,1632.84,21.41
6,2,270.23,505.25,21.95
3,5,422.44,1692.18,23.74
3,1,294.31,262.87,15.07
3,3,284.25,779.61,17.51
6,5,61.58,265.04,8.52
3,5,92.01,397.31,-2.38
4,3,486.29,1447.54,24.13
5,5,121.96,596.59,12.95
2,1,488.95,474.2,31.62
2,1,270.64,238.49,6.62
6,3,76.54,184.33,8.75
3,4,58.66,191.48,8.36
3,2,112.34,193.77,13.23
1,4,463.56,1489.23,22.2
5,5,212.93,855.37,14.42
4,2,203.76,400.72,20.67
2,3,163.47,461.59,13.76
1,3,82.06,212.16,8.44
1,2,249.05,411.69,11.68
6,1,73.72,66.52,16.94
2,2,419.39,671.92,15.79
6,5,191.49,945.66,22.1
4,1,193.65,170.99,15.22
1,3,242.26,639.91,13.53
1,2,227.62,399.75,8.7
5,4,497.48,1619.53,24.32
4,4,277.24,1028.74,19.49
1,5,53.22,251.89,5.37
4,4,307.37,1149.84,23.38
2,2,84.28,139.51,9.19
3,2,25.16,46.08,6.83
1,4,485.66,1775.37,21.29
5,2,389.03,757.58,29.62
2,5,490.25,2146.87,22.37
4,1,244.16,213.47,22.44
6,5,270.81,1250.74,21.2
2,5,92.49,428.51,6.42
1,2,130.98,234.15,11.11
4,1,420.89,374.01,30.85
3,2,184.53,331.72,16.41
2,3,415.14,1210.81,19.88
1,2,357.42,637.8,22.02
5,2,96.81,191.29,8.68
6,2,258.65,465.98,24.68
4,1,341.92,338.45,17.2
2,2,125.17,241.97,8.48
2,1,417.04,363.86,20.37
3,4,276.97,1077.67,21.03
3,3,90.97,224.34,12.91
5,1,295.66,291.23,22.88
6,4,499.86,1852.14,33.86
5,1,83.76,67.92,14.3
1,1,410.21,381.02,26.29
1,3,111.58,333.02,6.63
5,5,393.37,1600.94,24.17
